<?xml version="1.0" encoding="UTF-8" ?>
<!DOCTYPE mapper
        PUBLIC "-//mybatis.org//DTD Mapper 3.0//EN"
        "http://mybatis.org/dtd/mybatis-3-mapper.dtd">
<mapper namespace="cn.arebirth.mapper.CustomerMapper">
    <!--映射结果集-->
    <resultMap id="selectByPageMap" type="cn.arebirth.pojo.Customer">
        <id column="id" property="id" jdbcType="INTEGER"/>
        <result column="name" property="name" jdbcType="VARCHAR"/>
        <result column="telephone" property="telephone" jdbcType="VARCHAR"/>
        <result column="address" property="address" jdbcType="VARCHAR"/>
        <result column="remark" property="remark" jdbcType="VARCHAR"/>
    </resultMap>
    <select id="selectByPage" parameterType="cn.arebirth.pojo.Customer" resultMap="selectByPageMap">
        select * from tb_customer
        <where>
            <if test="name != null and name != ''">
                and name like CONCAT('%',#{name},'%')
            </if>
            <if test="telephone != null">
                and telephone like CONCAT('%', #{telephone}, '%')
            </if>
        </where>
    </select>

</mapper>