<?xml version="1.0" encoding="UTF-8"?>
<beans xmlns="http://www.springframework.org/schema/beans"
       xmlns:xsi="http://www.w3.org/2001/XMLSchema-instance"
       xmlns:dubbo="http://code.alibabatech.com/schema/dubbo"
       xsi:schemaLocation="http://www.springframework.org/schema/beans
        http://www.springframework.org/schema/beans/spring-beans.xsd
        http://code.alibabatech.com/schema/dubbo
        http://code.alibabatech.com/schema/dubbo/dubbo.xsd">

    <!--  因为dubbo需要spring环境，所以我们启动它首先需要引入spring配置文件  -->
    <import resource="classpath:applicationContext-dao.xml"/>
    <import resource="classpath:applicationContext-service.xml"/>
    <import resource="classpath:applicationContext-trans.xml"/>

    <!--  配置应用名  -->
    <dubbo:application name="dubbo-provider"/>

    <!--  配置注册中心：
        address：注册中心的ip:port
        注意：如果注册中心为ZooKeeper且为集群，那就要讲集群中所有的IP:PORT添加到该属性当中-
        protocol:注册中心类型
      -->
    <dubbo:registry address="ip:2171,ip:2172" protocol="zookeeper"/>
    <!--  配置协议与端口  -->
    <dubbo:protocol name="dubbo" port="20880"/>

    <!--  配置注册接口
        ref:引用实现类，因为我们在实现类里面加了@Service扫描注解
     -->
    <dubbo:service interface="cn.arebirth.dubbo.service.UserDubboService" ref="userDubboServiceImpl"/>
    <dubbo:service interface="cn.arebirth.dubbo.service.CustomerDubboService" ref="customerDubboServiceImpl"/>
</beans>