<?xml version="1.0" encoding="UTF-8"?>
<beans xmlns="http://www.springframework.org/schema/beans"
       xmlns:xsi="http://www.w3.org/2001/XMLSchema-instance"
       xmlns:context="http://www.springframework.org/schema/context"
       xsi:schemaLocation="http://www.springframework.org/schema/beans
	http://www.springframework.org/schema/beans/spring-beans.xsd
        http://www.springframework.org/schema/context
        http://www.springframework.org/schema/context/spring-context.xsd">
    <!--设置解析properties文件的工具类-->
    <context:property-placeholder location="classpath:db.properties"/>

    <!--  配置数据源 dataSource  -->
    <bean id="dataSource" class="com.alibaba.druid.pool.DruidDataSource" destroy-method="close">
        <property name="url" value="${jdbc.url}"/>
        <property name="username" value="${jdbc.username}"/>
        <property name="password" value="${jdbc.password}"/>
        <property name="driverClassName" value="${jdbc.driver}"/>
        <property name="maxActive" value="10"/>
        <property name="minIdle" value="5"/>
    </bean>
    <!-- 创建mybatis的上下文对象  -->
    <bean class="org.mybatis.spring.SqlSessionFactoryBean">
        <property name="dataSource">
            <ref bean="dataSource"/>
        </property>
        <property name="configLocation">
            <value>classpath:mybatis-config.xml</value>
        </property>
        <property name="typeAliasesPackage" value="cn.arebirth.pojo"/>
    </bean>
    <!--  扫描mybatis接口与映射配置文件  -->
    <bean class="org.mybatis.spring.mapper.MapperScannerConfigurer">
        <property name="basePackage" value="cn.arebirth.mapper"/>
    </bean>

</beans>